<component name="libraryTable">
  <library name="Gradle: androidx.annotation:annotation:1.2.0">
    <CLASSES>
      <root url="jar://$USER_HOME$/.gradle/caches/modules-2/files-2.1/androidx.annotation/annotation/1.2.0/57136ff68ee784c6e19db34ed4a175338fadfde1/annotation-1.2.0.jar!/" />
    </CLASSES>
    <JAVADOC />
    <SOURCES>
      <root url="jar://$USER_HOME$/.gradle/caches/modules-2/files-2.1/androidx.annotation/annotation/1.2.0/8945212022e5276658ab7864714ced3553ea724a/annotation-1.2.0-sources.jar!/" />
    </SOURCES>
  </library>
</component>