<component name="libraryTable">
  <library name="Gradle: org.jetbrains.kotlin:kotlin-stdlib-jdk8:1.5.30">
    <CLASSES>
      <root url="jar://$USER_HOME$/.gradle/caches/modules-2/files-2.1/org.jetbrains.kotlin/kotlin-stdlib-jdk8/1.5.30/5fd47535cc85f9e24996f939c2de6583991481b0/kotlin-stdlib-jdk8-1.5.30.jar!/" />
    </CLASSES>
    <JAVADOC>
      <root url="jar://$USER_HOME$/.gradle/caches/modules-2/files-2.1/org.jetbrains.kotlin/kotlin-stdlib-jdk8/1.5.30/5b8f86fea035328fc9e8c660773037a3401ce25f/kotlin-stdlib-jdk8-1.5.30-javadoc.jar!/" />
    </JAVADOC>
    <SOURCES>
      <root url="jar://$USER_HOME$/.gradle/caches/modules-2/files-2.1/org.jetbrains.kotlin/kotlin-stdlib-jdk8/1.5.30/171265ccd1f7a4307c3cb8eedd9115e662013190/kotlin-stdlib-jdk8-1.5.30-sources.jar!/" />
    </SOURCES>
  </library>
</component>