<component name="libraryTable">
  <library name="Gradle: androidx.vectordrawable:vectordrawable-animated:1.1.0@aar">
    <CLASSES>
      <root url="jar://$USER_HOME$/.gradle/caches/transforms-3/e7c08ca5ced8fab86b370ebbc176df66/transformed/vectordrawable-animated-1.1.0/jars/classes.jar!/" />
      <root url="file://$USER_HOME$/.gradle/caches/transforms-3/e7c08ca5ced8fab86b370ebbc176df66/transformed/vectordrawable-animated-1.1.0/res" />
      <root url="file://$USER_HOME$/.gradle/caches/transforms-3/e7c08ca5ced8fab86b370ebbc176df66/transformed/vectordrawable-animated-1.1.0/AndroidManifest.xml" />
    </CLASSES>
    <JAVADOC />
    <SOURCES>
      <root url="jar://$USER_HOME$/.gradle/caches/modules-2/files-2.1/androidx.vectordrawable/vectordrawable-animated/1.1.0/871a7705cd03bc246947638c712cdd11378233ff/vectordrawable-animated-1.1.0-sources.jar!/" />
    </SOURCES>
  </library>
</component>