<component name="libraryTable">
  <library name="Gradle: androidx.localbroadcastmanager:localbroadcastmanager:1.0.0@aar">
    <CLASSES>
      <root url="jar://$USER_HOME$/.gradle/caches/transforms-3/708f788ecadbc0a7ec3db72b2a8f335f/transformed/localbroadcastmanager-1.0.0/jars/classes.jar!/" />
      <root url="file://$USER_HOME$/.gradle/caches/transforms-3/708f788ecadbc0a7ec3db72b2a8f335f/transformed/localbroadcastmanager-1.0.0/res" />
      <root url="file://$USER_HOME$/.gradle/caches/transforms-3/708f788ecadbc0a7ec3db72b2a8f335f/transformed/localbroadcastmanager-1.0.0/AndroidManifest.xml" />
    </CLASSES>
    <JAVADOC />
    <SOURCES>
      <root url="jar://$USER_HOME$/.gradle/caches/modules-2/files-2.1/androidx.localbroadcastmanager/localbroadcastmanager/1.0.0/3930e99159fd6b7f1d2e7d5fe9af0924ca1faf9/localbroadcastmanager-1.0.0-sources.jar!/" />
    </SOURCES>
  </library>
</component>