<component name="libraryTable">
  <library name="Gradle: org.jetbrains.kotlin:kotlin-stdlib-common:1.5.30" type="kotlin.common">
    <CLASSES>
      <root url="jar://$USER_HOME$/.gradle/caches/modules-2/files-2.1/org.jetbrains.kotlin/kotlin-stdlib-common/1.5.30/649ffab7767038323fec0cc41e2d7b0a8f65a378/kotlin-stdlib-common-1.5.30.jar!/" />
    </CLASSES>
    <JAVADOC>
      <root url="jar://$USER_HOME$/.gradle/caches/modules-2/files-2.1/org.jetbrains.kotlin/kotlin-stdlib-common/1.5.30/5b8f86fea035328fc9e8c660773037a3401ce25f/kotlin-stdlib-common-1.5.30-javadoc.jar!/" />
    </JAVADOC>
    <SOURCES>
      <root url="jar://$USER_HOME$/.gradle/caches/modules-2/files-2.1/org.jetbrains.kotlin/kotlin-stdlib-common/1.5.30/a625b883d02fa915dcfee82d28ea11f4db048a97/kotlin-stdlib-common-1.5.30-sources.jar!/" />
    </SOURCES>
  </library>
</component>