<?xml version="1.0" encoding="UTF-8"?>
<project version="4">
  <component name="deploymentTargetDropDown">
    <targetSelectedWithDropDown>
      <Target>
        <type value="QUICK_BOOT_TARGET" />
        <deviceKey>
          <Key>
            <type value="VIRTUAL_DEVICE_PATH" />
            <value value="$USER_HOME$/.android/avd/Pixel_API_S.avd" />
          </Key>
        </deviceKey>
      </Target>
    </targetSelectedWithDropDown>
    <timeTargetWasSelectedWithDropDown value="2021-09-07T15:17:18.463032Z" />
  </component>
</project>